,0
0,carrieberkk
1,karrywang99921
2,karrywang99921
3,brubzes
4,giftedvoices
5,anabelmans
6,wyns_gauthier
7,hunterbluue
8,riri.cheshire
9,vilczko_jackob
10,jerem.dc
11,adam_tylerr
12,tonyslayx
13,juancmatitti
14,official_anthonyserrano
15,michaelphibeauty
16,flohub99
17,aaaxdan
18,riccardo_aryan
19,offiziell_anthony
20,andrewblairr_
21,theagnesvan
22,keanuphotographygc
23,larryareinfactnotstraight
24,kookminsbts
25,alexfaction
26,elclosetlgbt
27,aristemo.team
28,lou.17.fzr
29,sad_meme_lad
30,queer.egg.uwu
31,yaoi_ua
32,best_couples_pose
33,kris_nepkis
34,mr.saesee
35,myc_loveislove
36,jsh.stt
37,rafal_raffy
38,coconutbees
39,globalmale
40,ikonic.only
41,kfm.korea
42,hanbinpie
43,wowfaktaikon
44,sandah0997
45,lgbt_support_7
46,iconicgayz
47,phanic_at_my_dam_trench
48,safe_place_bisexual
49,maiboibiai
50,ikonkoo_june
51,lgbtq_social_ideas
52,galaxyalyx
53,ikon.juseyo
54,bxbblypie
55,marcuslisbeth
56,bobroknyaikon
57,grandinina90
58,gay.safespace
59,gay_bae_gang
60,chloemorningstar_nl
61,dawn_of_humorous_gay_memes
62,mo10smile
63,korean.says2
64,lily__rose_ox
65,lgbt.llamaaaa
66,ikonicgesrekfamily
67,igordomiciano
68,thetransoflgbt
69,kisswhouwant
70,rad_girlfriends
71,ykn___0113
72,amyislesfreeman
73,lgbtqplus_family
74,gayturtlesactivate
75,pettytwink
76,pan_wi.thout_an_apple
77,withikonicth
78,lgbt_x_dating
79,leannsartpage
80,naomiboyceig_moment
81,steviebk96
82,giuliacolussijewelry
83,saraa0301_e
84,bikyo8182
85,x_philadelphiaa_x
86,j.cccccvv
87,girskissgirls._
88,trans_and_sexuallity_support
89,nefelibatabishop
90,fcqueen.edtz
91,lovescroana
92,petalplate
93,miss_kylie_vogue
94,sincerely_yourfellowgays
95,daniswara_conference_logistics
96,queermondayslbc
97,7artwork_studio
98,gaywarning
99,theabhinavshikhar
100,cachesheart
101,__80_3
102,thatmakeup.youlove
103,sharynclein
104,trans.and.trash
105,b5tty
106,rotg5311
107,tears.of.a.gay
108,becauze_i_kan
109,teen_lgbt_
110,bi.tasarm
111,csdnuernberg
112,black_abrams
113,ru_____827
114,yaelo_suarez
115,adore_ikon
116,zeserdenetsend
117,oof_safe_space
118,devinroach_716
119,sngyhh_
120,junessaur97
121,bi_memes.and.pride
122,alyssa_velour
123,tatixlex
124,pawsofpride
125,trxshybisexual
126,lesbiattitude
127,lqbtqhelpline
128,pridetimes
129,boujeebhaddies._
130,lgbt.datingnfriends
131,a.closeted.bi.taurus
132,hobifotobis_
133,rizene.mp4
134,_craz_lili_
135,lgbtq_social_now
136,reasonably_lgbt
137,mckgreatfull
138,the_lgbt_army_
139,ihateprozac
140,els.wlw
141,hurricanehazzie
142,x_l.g.b.t.q.i.a_x
143,ashleydraws_uwu
144,mo.thernature
145,edcasella8
146,v4ry.__.gay
147,psychiceyeztellall
148,infinity.oswin.clara
149,gaynotgaybestfriend
150,nicolo.abbattista
151,dialupdisco
152,niggawheresthemeatat
153,jake_a_furnari
154,stillpapercrane
155,lgbt_treff_german
156,fr.mascia
157,queenxlea.gr
158,lesbianyves2
159,femmefatalebby
160,troyes.postcard
161,namesforgays
162,we_are_gay_x
163,the_queer_pals
164,lgbt.feminist__love_
165,galaxydounuts
166,gcnmag
167,editsviralzz
168,destany.kessler
169,gay.gal.relatables
170,much.lesbian
171,moon.and_roses
172,axel.xa
173,ukranianprincess29
174,karlosklaumannsmoller
175,maria_boquera
176,seiryo_rainbow
177,soykittens
178,_tatiana2811_
179,sarah_abilleira
180,cokibuba_zauvek
181,lgbtqbulgaria
182,rsiereilly
183,budapestpride
184,lessbiandating
185,icedcoffee.and.rainbows
186,__lgbt_cz__
187,tictac_queer
188,teczowe_bazgroly
189,teens__lgbtq
190,the__bi__life
191,clownvamp
192,arguetacandi
193,michybo_29t
194,lgbt_hangout_
195,iamhollandique
196,lgbt_italia_1
197,tiktok.indiaofficial
198,officialtiktokindia
199,___chy___99
200,_.riyaz._14
201,xoloveyaz
202,softboihaven
203,i.m.sunnychopra
204,0529.jihoon.ig
205,_bajilah
206,elissco
207,ilahsm_katalog
208,renalldomino
209,thala__galaxy
210,memeophile_society
211,_s.a.y.k.a._
212,tik_tok_videoss_
213,chicihndyni_14
214,team_hunt_lovers
215,_r.a.v.i
216,sevg1ms1n
217,notorius_gagan_gill
218,girls_of_kerala_
219,ramanda17_
220,lovevines__
221,gtarihii
222,gamze_vgn15
223,punjabi.tiktokers
224,jewdyhoppz
225,jassi_gill_jhalli
226,funny_videostiktok
227,fankaaryian_143
228,bantiktokpakistan
229,tiktokk_turrkey
230,shubh_goswami8962
231,instaqueensof
232,galery_anakhits_indo
233,tugba_dmndmn
234,kiizkizzaa
235,tik.tok.jordan.2019
236,jackyjuing
237,menasizremix
238,sabrina.pratiwi
239,gujju_tik.tok
240,lover.boy.a.k
241,finestgrowthofficial
242,ritviks_08
243,shaker143syed
244,mrppmandudebro
245,supergrowofficial.id
246,official.navedshaikh
247,hattiee_amelia
248,_mombojombo_
249,saltwatersammy
250,eduardominett
251,kenzieroon
252,hania_sztachanska
253,kaitlyn_laurido
254,olivia_marcham
255,ukerepost
256,kseniaphoenix
257,mackenzie_bourne_
258,esvedra_jeans
259,nerotm_art
260,anamaria.negulei
261,nickelodeonuk
262,joycesungg
263,itzgracierobbins
264,ariana_lee99
265,luciddthreads
266,teenagegirl_gr
267,ciesielska_maya
268,baileyjedwards
269,officialderanx
270,s_aartj_e
271,lolwhatdidisee
272,teenager__._posts
273,zmounts28
274,dreamerdarren
275,jtgalindo
276,skykj_
277,livioilterribile
278,chasefranklin2001
279,2p_rick
280,de.vid.de.vil
281,flexin_seb
282,olesovskysebastian
283,samuelfallen
284,coopers_gym_life
285,mahourtarxani
286,erinsmit4
287,badbyt___
288,hispanic.garbage
289,yeiker_oficial
290,youre.personal_hellboy
291,christ__robin
292,naughtybureaucrat
293,thesixtium
294,zov.06
295,vxldrz
296,whoisbo
297,_.teen._.confessions._
298,jessehawk81
299,lunaxlangdon
300,dagalmo
301,numbingcuts
302,aliisa1254
303,rodnymoreno
304,dominic_caesar_official
305,lebanoncrossfit
306,lonnieolc
307,iitsbabak
308,imwoahh_phatballz_picklerick
309,tylerwduarte
310,dyljones64
311,charlet_channy
312,boys_are_art_
313,anxious_astrology
314,armanix.world
315,otami_guuh
316,luiis__mujica
317,richix11
318,danielmorbe
319,brahim_jaque
320,fruityleafs
321,aidan_zwarts
322,barnaul_kids_clothes
323,dracarys__incendia_
324,yanni_wy
325,iamshrikrish
326,tiktok_team
327,faisal_hasnain_world
328,jannatzubair.143
329,not_your_gal99
330,arishfakhanfb_
331,luckydancar786
332,zaryaan_7_official
333,thats_ree007
334,_07models_
335,luxizone_brands
336,faisu_my_world_07
337,faizanwasilfond
338,asimilyas_fan_club
339,jay_robinhood_
340,tiktok_aceh_community
341,_de_fault_er_nishii_755
342,my_life_chirag_sharma__
343,tiktok_trending_videos_18
344,sad_punjabi_143
345,m_r_chauhan_oo
346,aminlover51
347,_anitajulianim
348,__iamsagar__94
349,idealfashion2
350,anuja_negiiii
351,dhyande.4
352,mr_faisu_07__fan
353,asmakumbhar_143
354,tiktok_indian_stars_
355,dancingwahida
356,ruchitpatel7376
357,asu_raja_
358,_.gajendra_singh_
359,teri_meri_love_story_2
360,mehtabfc
361,rahilkefan
362,jitendrakumar7945
363,kajalloveuh3000more
364,vishuvians
365,hassanshahn
366,chetansharma9386
367,07dzmodels
368,alamin_ahmed12
369,atifaslamoficial_
370,mazatiktok
371,crazy_boyii_01
372,queen_of_moms_heart_
373,onlineshopping00786
374,ishuu1998
375,heartlock_jay
376,deby_aulia_darwis
377,shaik_irfan_04
378,misterchanani
379,alisha_07d
380,_tiktok_videos_07
381,tariq_mir_05
382,aamirshan_
383,suraj___namdev
384,_mr_faisu_07lover
385,riyaz_team07_
386,tiktokboysandgirls
387,nblllaaa.ofc
388,adnanhunnyy
389,cutsalsaa.tiktok
390,ultrasophisticate
391,cocomikopurbah
392,rianne.vdk
393,ninninguyen
394,izzybizzyspider
395,dominic_r_
396,gil_mish
397,simonunterrainer
398,imagism.studio
399,mohdhyder07
400,leighannemartin
401,set_clothing
402,__sofiya__747
403,iona_jlianstr
404,__mimim__
405,_iiika
406,sxy._._modle
407,miriam.cissee
408,branded__acssrs
409,jheisonci
410,taq_itha
411,desireexent
412,alpo_shoes
413,juniordutra88
414,_official_valentin_
415,yancovichben
416,dedicprom
417,blizgjuar_online
418,superstarsstyle1
419,thalita_mendesss
420,nayara_figueredo
421,seduce_d_
422,loumando
423,nickidonohoe
424,samanda_beauty
425,armoa_ismael
426,klik_shoponline
427,jaxzi4
428,prabhuraturi
429,alexis_gortiz
430,inkoreg
431,express_shop_al
432,princess_josemith
433,monsieur_theblack
434,kaizermondo
435,dennishabla
436,bartlomiejbejger
437,raulescobar.re
438,markos.galiotos
439,tommyhey
440,dome_kl
441,dennisf__
442,julian__official
443,smoovie_j_wiz
444,taariqued
445,serge.dalle
446,james__fks
447,dustinnelsonmusic
448,1maxwelljames
449,rewavillage
450,mattscaletti
451,scumsrevenge
452,want2bea_model
453,davybrkmn
454,yous2thismoney
455,mic_29_
456,miketennason1
457,gradys_gram
458,tameemchowdhury_tv
459,themetropolisstudio
460,max.beug
461,_gerardogutierrez
462,modamasculinalook
463,kinship.k
464,_carl_berger
465,brehantoddstyling
466,odessavlad
467,im_tahir143
468,studiox_kaslik
469,pete_martin_photography
470,egcarrilo
471,beautiful.specimens
472,stjohnsfragranceco
473,malachypoinan
474,studioxfashion
475,dustin_kibbee
476,themalemodelresource
477,elmedinajdari
478,anilshiva8880
479,tsmithtime1
480,karl_kugelmann
481,vanzderlima
482,limamurillos
483,v.druzh
484,leowerneck84
485,ciscojsanchez
486,asplinstudio
487,goldonfashion
488,vaughaneells
489,castro.ev
490,lesteraponte_
491,keiranreynolds
492,simon_btwily
493,abdousaddok
494,callmejj1991
495,ascends_pride
496,robertmacewen
497,rubentil
498,elmstabarber
499,katestrucka
500,ahmu.personaltrainer
501,abel1mora
502,senbiu
503,luanaliu.official
504,little.poohkie.and.big.mer
505,alexandermchale_
506,ayoubchou09
507,mickaelpalmieri
508,lewisraymondtaylor
509,jvvolpato
510,scallywagfox
511,charles_nw
512,iambruno.oliver
513,aberard89
514,stevespence260
515,redmagicphoto2
516,shawnbestii
517,magoamagazine
518,spiritmodels
519,_ft._anze__04
520,acousticletter
521,izzyb_gmm
522,_alexandra.archer_
523,bugarangasssss
524,skodagram
525,30.sekonda
526,official.snow_
527,yessheisbeautiful
528,nobleshopping
529,kiikiimodel
530,therealchrispy
531,djrider_model
532,polat.concept
533,auto_fiat_srl
534,otomobilyazarim
535,teamwens
536,baqalicuir
537,friendonoisesources
538,wendybennettns
539,andzinsta
540,holliemariew
541,exclusive_truckstyling
542,joventutcompany
543,kavefootwear
544,mai_oh_mai
545,richi7088
546,la_femme_oax
547,cazibetekstil
548,jokerbutik
549,mikelo.martin
550,louella.dueck
551,lewandowskimate
552,dormirodantes
553,sehirli_shopping
554,andrada.aj.moda
555,sinemcegiyin
556,shiane_gable
557,gh0st_q
558,nana_lamp
559,azarijackson
560,prez_rajay
561,butik_brug
562,perfectlyimperfect516
563,kapidani_silver_beni
564,spieshecker_kolli
565,s_alim_editing_world
566,_aniket_goswami_
567,marklandshoes
568,roman.2970
569,emilie.n.mmexpression
570,talhabava._.official
571,luxury.cars.classic
572,rallehamb968
573,ishasoni482
574,jaaroofficial
575,nazmiyealdinc55
576,mamaglamgioiellidilattematerno
577,_olya_iermakova
578,tamarastremmel
579,lunaticlo
580,ayika39
581,bigwave.fr
582,lexii.bre
583,porschenewsroom_russia
584,itsjosephalfonso
585,jas10009
586,alirehman.cs
587,naturalbarbiej
588,officialnova__
589,acousphere
590,aluapneu
591,so_muchagatha
592,_baliya_
593,fashion.selection
594,laara_o
595,audeezslimes
596,_redpandas
597,espvalentina
598,allisonfigueroaa
599,soshiscult
600,76ggh_64
601,idle._.cone
602,deelainepereiraa
603,isiloguzz
604,jenniferbhatt
605,feline_slime
606,lady.aygul
607,x_natalie.h_x
608,naomiavrahami
609,dlaraa.koseoglu
610,highlife__store
611,beninmadrid
612,buck.thicc
613,sagot13
614,internetowe_memeszki
615,saputri_asi9en88
616,anamdarbar97
617,aysh.safira
618,hava.off
619,tiktokviktorious
620,celebrityface
621,fabianwss
622,artem_vadeer
623,kolesn1kov_arts
624,andrewspina_
625,juan_marcool
626,itsofficial_pascal
627,worldof_josh
628,tinedeboever
629,_nico.kpa
630,alejogb21
631,vincydevivo
632,luckyluke_001
633,nguyenanh.joker
634,fernandozicode
635,theo.mus
636,yannis_grez
637,jochem_smits
638,tuzzolini
639,haq_khaled
640,yornejanssens
641,the.jontydream
642,simoncino.95
643,harri.strike
644,_sleepingfox
645,king_j0rje
646,milodleon
647,buffy_black_mua
648,basicbottom_
649,carloscdaniel
650,gayboybottom8907
651,lovhiphop0
652,unknowjaz
653,josexalejandro
654,harry.wright17
655,maxxfranko
656,giannilabria
657,sstsk
658,adrianrmski
659,neversayneveraj
660,aminiyazi__
661,greenybu
662,marcklaus_
663,edumsmoreira
664,ajay_dhiman_photography
665,fabioericocoelho
666,carloxmoralex
667,bdash_2
668,z_vinyl
669,sdjmalik
670,mannat_kaur_sidhu
671,herr0ns
672,truetbh24
673,covermusik.id
674,day6zone
675,avidtechnology
676,johnny_monza
677,infernoo_pg
678,beardley_stokes
679,gabriellechapa
680,johnny_wahlberg
681,rapsfulloflead
682,qoutes_rindu71
683,thereleaseja
684,mikeiguana65
685,pujara047
686,harpreet.s.khakh
687,rubenmaximtadeus
688,rapdupunchline
689,veroslim_tea
690,lazarus_eternum
691,airryyyyyy
692,xxthatonefangirlxx153
693,demofore
694,bandslutsareustwo
695,april_cillll08
696,nayyaraafezaazf
697,nadiaaa7726
698,_.bagusfreedom27
699,arapfauzay
700,busywithslime
701,shadeedsingle
702,literally.gua
703,aluna.koleksi
704,kynnchlla_
705,rili_aje
706,ajengfazhhl_
707,saini_sgr
708,fashionfundamentals_
709,mrunu_loversisland
710,sandys.ssy
711,beeingviral
712,rifald_49
713,saifu_05b
714,nazwaftt07
715,heram2.0
716,_nabeelaaa
717,loreupdates
718,ilekdinata97
719,dipiiiiiiiiiiiiii
720,animasiccp
721,sparrow_kaka
722,muser.sanana
723,_nexaazih.ccp
724,insta_love_moments
725,_manjilb_
726,romihappy
727,alliqahaysia
728,alfiandwi24
729,feby_yolaa
730,suciii06_
731,alfiandwihamzah_
732,aurisafrr.aa
733,melvyaprl
734,aditya7pute
735,dyulia226
736,sibi.ch
737,zazput._
738,yourkabira
739,nabillannr
740,mr_fasuu_07
741,tik.tok.official
742,bhagyashree29_
743,nurlelagina
744,itsme_gaganfc
745,_prayass_
746,love__lifeline__143__
747,tiktok.superfast
748,model_shootout_lucknow
749,sayantanhazra18
750,subhan7630
751,s.w.e.e.t_p.o.i.s.o.n_
752,rabia.erkinova
753,iranian_modernstyle
754,bloodyjjane
755,sabulous_shots
756,biancacheerleader
757,ivadrumeva
758,iagossoaress
759,corradommartini
760,tory.nichole
761,0rray
762,the_boldlicious_swagger
763,shootsydney
764,alara.jale
765,photographybyvincent1
766,ashlieghcranexx
767,victoria_ayumi
768,miss_gemma_fied
769,kana_gehrman
770,kira_glazunova
771,askarova_evelina
772,jacqueline_gl23
773,ncmodelscouting
774,amelie_lammers
775,_____m.i.l.l.y_____
776,gercenbergnasta
777,petrondernicky
778,elizabeth_kate_photography
779,angelsrandompage
780,polechkazyryanova
781,sandy_army_official
782,pharelle2007
783,juju_s_pereira
784,brownskinraee
785,androgyny_model01
786,streets_vision
787,thenoahbaker
788,california.daily
789,earthfocus
790,cali_invite_you
791,s.a.m.o.p.o.z.n.a.n.i.e
792,je11yni
793,mayyserafim
794,ayrtxnz
795,kurtmillshanson
796,cucciolissime
797,photographer_life_to_live
798,yungblud._.xd
799,sj_snail
800,joey_snapped_back
801,thebellajil
802,daword_roundtown
803,shinigami_gotei_13
804,pets.nation
805,surreyvapes420
806,christinek_
807,kimbrosfunsquad17
808,hazelbutterfieldtate
809,soulspiritpsychology
810,sc_redleader
811,mugwortxtwo
812,janieliangofficial
813,drivenkraft
814,_frecklesnbeauty
815,ca_sphynx_adventures
816,hashcoutureofficial
817,edwinchiloba
818,youngrichhomiejay
819,normimemer
820,abelalvarezcu
821,teneresegobeast
822,juxtaposition_joanne
823,evanexercises
824,pacificbiosafety
825,boxxfoxx420
826,tatmatam
827,lewis_wendy611
828,mayagoffer
829,mendozacava
830,bunbunny07
831,moemumie.world
832,yoon._.heee
833,wanderlust_himani
834,prableenkaurbhomrah
835,ahha.gang_
836,sojobeauty
837,alanlegorreta
838,jaliyah_monet_
839,blogcoisasdeana
840,thalapathy_vijay_veriyen
841,_ekipa_friza_
842,rain.go
843,kamogashira_in_saga
844,lifeasmrsc
845,irealistech
846,girly._pop
847,ppdathailand
848,gibsdota
849,mykingjeff
850,zvuki_na_kamery
851,goviind._
852,poncikbirpati
853,oneup_english
854,kiazaab
855,commanderkeule
856,covers_by_jona
857,fanofvegard
858,tigonadavy
859,opamponia
860,simkastyle
861,iamathenamattei
